--
-- PostgreSQL database dump
--

-- Dumped from database version 13.1 (Debian 13.1-1.pgdg100+1)
-- Dumped by pg_dump version 13.1

-- Started on 2021-01-31 10:24:51 UTC

SET statement_timeout = 0;
SET lock_timeout = 0;
SET idle_in_transaction_session_timeout = 0;
SET client_encoding = 'UTF8';
SET standard_conforming_strings = on;
SELECT pg_catalog.set_config('search_path', '', false);
SET check_function_bodies = false;
SET xmloption = content;
SET client_min_messages = warning;
SET row_security = off;

DROP DATABASE IF EXISTS "kdemo-customers";
--
-- TOC entry 2950 (class 1262 OID 16710)
-- Name: kdemo-customers; Type: DATABASE; Schema: -; Owner: admin
--

CREATE DATABASE "kdemo-customers" WITH TEMPLATE = template0 ENCODING = 'UTF8' LOCALE = 'en_US.utf8';


ALTER DATABASE "kdemo-customers" OWNER TO admin;

\connect -reuse-previous=on "dbname='kdemo-customers'"

SET statement_timeout = 0;
SET lock_timeout = 0;
SET idle_in_transaction_session_timeout = 0;
SET client_encoding = 'UTF8';
SET standard_conforming_strings = on;
SELECT pg_catalog.set_config('search_path', '', false);
SET check_function_bodies = false;
SET xmloption = content;
SET client_min_messages = warning;
SET row_security = off;

SET default_tablespace = '';

SET default_table_access_method = heap;

--
-- TOC entry 202 (class 1259 OID 16718)
-- Name: Customers; Type: TABLE; Schema: public; Owner: admin
--

CREATE TABLE public."Customers" (
    "Id" bigint NOT NULL,
    "Guid" uuid NOT NULL,
    "FirstName" text,
    "LastName" text,
    "Email" text,
    "Gender" text,
    "UpdatedTime" timestamp without time zone DEFAULT '0001-01-01 00:00:00'::timestamp without time zone NOT NULL
);


ALTER TABLE public."Customers" OWNER TO admin;

--
-- TOC entry 201 (class 1259 OID 16716)
-- Name: Customers_Id_seq; Type: SEQUENCE; Schema: public; Owner: admin
--

ALTER TABLE public."Customers" ALTER COLUMN "Id" ADD GENERATED BY DEFAULT AS IDENTITY (
    SEQUENCE NAME public."Customers_Id_seq"
    START WITH 1
    INCREMENT BY 1
    NO MINVALUE
    NO MAXVALUE
    CACHE 1
);


--
-- TOC entry 200 (class 1259 OID 16711)
-- Name: __EFMigrationsHistory; Type: TABLE; Schema: public; Owner: admin
--

CREATE TABLE public."__EFMigrationsHistory" (
    "MigrationId" character varying(150) NOT NULL,
    "ProductVersion" character varying(32) NOT NULL
);


ALTER TABLE public."__EFMigrationsHistory" OWNER TO admin;

--
-- TOC entry 2944 (class 0 OID 16718)
-- Dependencies: 202
-- Data for Name: Customers; Type: TABLE DATA; Schema: public; Owner: admin
--

COPY public."Customers" ("Id", "Guid", "FirstName", "LastName", "Email", "Gender", "UpdatedTime") FROM stdin;
1	24183b3d-196e-4695-887b-606d72ab042a	Justis	Sibley	jsibley0@wp.com	Bigender	0001-01-01 00:00:00
28	ea6be99f-7279-4782-b54f-3ecfa3e2d2c1	Zorina	Sansom	zsansomr@php.net	Male	0001-01-01 00:00:00
29	7cdf841e-31db-4aa6-a13d-fe19603b4c43	Ravid	Ventum	rventums@163.com	Female	0001-01-01 00:00:00
30	c048abcc-cb27-4c17-ae20-c238750d1d18	Willie	Pidgin	wpidgint@redcross.org	Genderqueer	0001-01-01 00:00:00
31	364c5ca3-e642-44ff-8e53-6365e46b728a	Lora	Wasielewski	lwasielewskiu@merriam-webster.com	Male	0001-01-01 00:00:00
32	79d39fe7-a46d-4f60-bb55-3d3d78491467	Knox	Gapper	kgapperv@tuttocitta.it	Genderfluid	0001-01-01 00:00:00
33	3768d14b-45f7-4dfb-b0d7-0ccf5c0d47d5	Fulton	Bartolommeo	fbartolommeow@issuu.com	Male	0001-01-01 00:00:00
34	318b7966-a974-4b8c-9011-67d220f9a1ca	Simona	Klebes	sklebesx@opera.com	Genderfluid	0001-01-01 00:00:00
35	d2eb436c-f88b-4af4-a3ba-64c13cf18823	Kelci	Bulch	kbulchy@goo.gl	Genderfluid	0001-01-01 00:00:00
36	232dad51-34b1-4648-be8f-2fb21e025c69	Lonnie	Ricket	lricketz@networksolutions.com	Genderfluid	0001-01-01 00:00:00
37	479ed05f-85d5-48e2-8b70-4be1ef1e4228	Norean	Milthorpe	nmilthorpe10@utexas.edu	Genderfluid	0001-01-01 00:00:00
38	e35caae3-ecec-46f8-a4fb-4aa82ed13637	Sue	Howlett	showlett11@yandex.ru	Genderfluid	0001-01-01 00:00:00
39	d491b9c3-b631-4a17-b799-e94e4e0cb94f	Sidnee	Leser	sleser12@theglobeandmail.com	Bigender	0001-01-01 00:00:00
40	89e58be5-9156-44c2-8ccb-4490a57823ee	Cynthie	Strettell	cstrettell13@123-reg.co.uk	Agender	0001-01-01 00:00:00
41	2b8115fc-4396-430e-ab7c-c344d2fe8765	Tome	Doggett	tdoggett14@amazon.co.uk	Bigender	0001-01-01 00:00:00
42	7b1f767a-0ec9-48a9-9f26-6b488b85d068	Tiertza	Paget	tpaget15@rakuten.co.jp	Genderfluid	0001-01-01 00:00:00
43	11e49fce-0513-4280-a3bc-a6907a39ef85	Wolfie	Medford	wmedford16@baidu.com	Agender	0001-01-01 00:00:00
44	ad1f0ae9-af27-48c8-8754-676021fae2c7	Galvin	Keuneke	gkeuneke17@reference.com	Agender	0001-01-01 00:00:00
45	e486a6c4-6d5b-4c36-9ec7-1b409da071e0	Lainey	Patis	lpatis18@multiply.com	Genderfluid	0001-01-01 00:00:00
46	40bc03c7-8aaa-449f-9d66-2512450528c8	Domini	Brumbye	dbrumbye19@is.gd	Genderfluid	0001-01-01 00:00:00
47	1ca792eb-bda3-497b-9de7-5b9c528d35a4	Prentiss	MacDougall	pmacdougall1a@w3.org	Bigender	0001-01-01 00:00:00
48	43212be8-e609-44b5-b94f-a1fc1f3009f3	Sheri	Colaco	scolaco1b@weibo.com	Agender	0001-01-01 00:00:00
27	48954833-1a02-46a3-991d-8740fa54044f	Adolph	Chicken	achickenq@blog.com	Genderqueer	0001-01-01 00:00:00
26	6372ee25-9041-4caf-a60c-edfed53e0c83	Donnell	Rikkard	drikkardp@yahoo.co.jp	Female	0001-01-01 00:00:00
25	606d07b8-f102-49a3-a1fe-2b77b9938307	Darcee	Breche	dbrecheo@stanford.edu	Agender	0001-01-01 00:00:00
24	4e90733a-d887-4c03-b91f-f22167ffc3a3	Selina	Popworth	spopworthn@cbslocal.com	Non-binary	0001-01-01 00:00:00
2	7401a43e-46a4-4d3e-9f2c-a53f4fa546ca	Nev	Hubbart	nhubbart1@amazon.co.uk	Male	0001-01-01 00:00:00
3	f47d70a5-92d9-4e40-92ab-901625f08091	Richardo	Steynor	rsteynor2@washingtonpost.com	Female	0001-01-01 00:00:00
4	66e8fa52-f015-474c-9342-549347ffe69a	Guenevere	Deeprose	gdeeprose3@studiopress.com	Female	0001-01-01 00:00:00
5	5e586b3b-7ffc-4e39-bb41-0dca659e54cf	Wynn	Allonby	wallonby4@fotki.com	Male	0001-01-01 00:00:00
6	92b6d64b-1335-4bb7-a58e-c0d4fecf0260	Andre	Brede	abrede5@timesonline.co.uk	Non-binary	0001-01-01 00:00:00
7	b0312cfc-b42f-43fd-a9c2-59e2caafb02a	Willdon	McCotter	wmccotter6@bravesites.com	Bigender	0001-01-01 00:00:00
8	4422eed3-c90d-4726-a20c-64fc2ca6a049	Madlin	Raymond	mraymond7@howstuffworks.com	Male	0001-01-01 00:00:00
9	6a65484e-dc0c-4956-89d3-9b9104006974	Garwin	Espino	gespino8@ycombinator.com	Male	0001-01-01 00:00:00
10	7a566d8c-c64a-49d7-a107-25a1f6fa3668	Hieronymus	Stennes	hstennes9@chicagotribune.com	Non-binary	0001-01-01 00:00:00
11	4f76c895-e9b0-4036-b0f7-24ea07aff553	Lacie	McGarry	lmcgarrya@mtv.com	Female	0001-01-01 00:00:00
49	0f8054d2-cae5-4516-96db-2c3658d4bd79	Millard	Sabbin	msabbin1c@google.ca	Agender	0001-01-01 00:00:00
12	f758423e-8547-468c-a898-fdd69958d79a	Rosaline	Stembridge	rstembridgeb@webs.com	Agender	0001-01-01 00:00:00
14	82f10b12-695d-431f-8397-2a0eadccefbf	Siffre	Ballin	sballind@smugmug.com	Genderqueer	0001-01-01 00:00:00
15	039a9be8-b5d5-4640-9ecc-da09046ae53a	Adelle	Pulhoster	apulhostere@springer.com	Bigender	0001-01-01 00:00:00
16	35e642a5-13bc-4d1d-8a84-705e4532fdb1	Valeda	McGauhy	vmcgauhyf@dmoz.org	Female	0001-01-01 00:00:00
17	6990b88d-b5ae-4811-9603-4a920920ae76	Horatia	Kubelka	hkubelkag@home.pl	Bigender	0001-01-01 00:00:00
18	225521f6-ea2b-4e0c-be3a-c24d46ab83f5	Emmalyn	Bangs	ebangsh@networksolutions.com	Genderfluid	0001-01-01 00:00:00
19	d5f57e15-b2a7-4057-916f-731ab49a6f43	Andres	Hallard	ahallardi@smh.com.au	Male	0001-01-01 00:00:00
20	6c9d711d-59af-421c-b297-8bfb0a168362	Juditha	Arens	jarensj@tripod.com	Agender	0001-01-01 00:00:00
21	74a28896-ca74-4353-95ec-894c7c59244c	Ermentrude	Isoldi	eisoldik@ebay.co.uk	Female	0001-01-01 00:00:00
22	8cbde2d2-4e7c-4404-acac-fcb26b974d0f	Matty	Curphey	mcurpheyl@kickstarter.com	Polygender	0001-01-01 00:00:00
23	ab13db04-1a86-4644-995f-7fed9e746fcd	Sheffie	Julyan	sjulyanm@so-net.ne.jp	Polygender	0001-01-01 00:00:00
13	a359d78f-d33a-4ec5-bc97-43bef6c0e895	Mirna	Ishak	mishakc@huffingtonpost.com	Non-binary	0001-01-01 00:00:00
50	2ff851dd-9954-463f-83c2-82d46205432a	Dorelle	Skaif	dskaif1d@so-net.ne.jp	Male	0001-01-01 00:00:00
\.


--
-- TOC entry 2942 (class 0 OID 16711)
-- Dependencies: 200
-- Data for Name: __EFMigrationsHistory; Type: TABLE DATA; Schema: public; Owner: admin
--

COPY public."__EFMigrationsHistory" ("MigrationId", "ProductVersion") FROM stdin;
20210131094106_Init	5.0.2
\.


--
-- TOC entry 2951 (class 0 OID 0)
-- Dependencies: 201
-- Name: Customers_Id_seq; Type: SEQUENCE SET; Schema: public; Owner: admin
--

SELECT pg_catalog.setval('public."Customers_Id_seq"', 51, false);


--
-- TOC entry 2811 (class 2606 OID 16725)
-- Name: Customers PK_Customers; Type: CONSTRAINT; Schema: public; Owner: admin
--

ALTER TABLE ONLY public."Customers"
    ADD CONSTRAINT "PK_Customers" PRIMARY KEY ("Id");


--
-- TOC entry 2809 (class 2606 OID 16715)
-- Name: __EFMigrationsHistory PK___EFMigrationsHistory; Type: CONSTRAINT; Schema: public; Owner: admin
--

ALTER TABLE ONLY public."__EFMigrationsHistory"
    ADD CONSTRAINT "PK___EFMigrationsHistory" PRIMARY KEY ("MigrationId");


-- Completed on 2021-01-31 10:24:52 UTC

DROP DATABASE IF EXISTS "kdemo-catalog";
--
-- TOC entry 2964 (class 1262 OID 24840)
-- Name: kdemo-catalog; Type: DATABASE; Schema: -; Owner: admin
--

CREATE DATABASE "kdemo-catalog" WITH TEMPLATE = template0 ENCODING = 'UTF8' LOCALE = 'en_US.utf8';


ALTER DATABASE "kdemo-catalog" OWNER TO admin;

\connect -reuse-previous=on "dbname='kdemo-catalog'"

SET statement_timeout = 0;
SET lock_timeout = 0;
SET idle_in_transaction_session_timeout = 0;
SET client_encoding = 'UTF8';
SET standard_conforming_strings = on;
SELECT pg_catalog.set_config('search_path', '', false);
SET check_function_bodies = false;
SET xmloption = content;
SET client_min_messages = warning;
SET row_security = off;

--
-- TOC entry 202 (class 1259 OID 24848)
-- Name: Categories; Type: TABLE; Schema: public; Owner: admin
--

CREATE TABLE public."Categories" (
    "Id" bigint NOT NULL,
    "Guid" uuid NOT NULL,
    "Description" text,
    "UpdatedTime" timestamp without time zone DEFAULT '0001-01-01 00:00:00'::timestamp without time zone NOT NULL
);


ALTER TABLE public."Categories" OWNER TO admin;

--
-- TOC entry 201 (class 1259 OID 24846)
-- Name: Categories_Id_seq; Type: SEQUENCE; Schema: public; Owner: admin
--

ALTER TABLE public."Categories" ALTER COLUMN "Id" ADD GENERATED BY DEFAULT AS IDENTITY (
    SEQUENCE NAME public."Categories_Id_seq"
    START WITH 1
    INCREMENT BY 1
    NO MINVALUE
    NO MAXVALUE
    CACHE 1
);


--
-- TOC entry 204 (class 1259 OID 24858)
-- Name: Items; Type: TABLE; Schema: public; Owner: admin
--

CREATE TABLE public."Items" (
    "Id" bigint NOT NULL,
    "Guid" uuid NOT NULL,
    "Description" text,
    "Cost" double precision NOT NULL,
    "CategoryId" bigint,
    "UpdatedTime" timestamp without time zone NOT NULL
);


ALTER TABLE public."Items" OWNER TO admin;

--
-- TOC entry 203 (class 1259 OID 24856)
-- Name: Items_Id_seq; Type: SEQUENCE; Schema: public; Owner: admin
--

ALTER TABLE public."Items" ALTER COLUMN "Id" ADD GENERATED BY DEFAULT AS IDENTITY (
    SEQUENCE NAME public."Items_Id_seq"
    START WITH 1
    INCREMENT BY 1
    NO MINVALUE
    NO MAXVALUE
    CACHE 1
);


--
-- TOC entry 200 (class 1259 OID 24841)
-- Name: __EFMigrationsHistory; Type: TABLE; Schema: public; Owner: admin
--

CREATE TABLE public."__EFMigrationsHistory" (
    "MigrationId" character varying(150) NOT NULL,
    "ProductVersion" character varying(32) NOT NULL
);


ALTER TABLE public."__EFMigrationsHistory" OWNER TO admin;

--
-- TOC entry 2956 (class 0 OID 24848)
-- Dependencies: 202
-- Data for Name: Categories; Type: TABLE DATA; Schema: public; Owner: admin
--

COPY public."Categories" ("Id", "Guid", "Description", "UpdatedTime") FROM stdin;
1	cc864b30-940a-43be-88f0-e032ea52c466	Specialty Food	2021-02-06 08:41:04.61815
2	d1a02318-ba6c-4ad8-a72d-fdadb37e31d9	Groceries	2021-02-06 08:41:09.880209
3	fb8e923b-6404-4a7a-8c17-9908d7809a74	Beverages	2021-02-06 08:41:10.06656
4	8165cd89-b2d3-4c67-b832-53ce397336f1	Laptops	2021-02-06 08:41:10.213353
5	cc04f5aa-2abd-4a2a-900b-a5a6531f3f32	Tablets	2021-02-06 08:41:10.562484
6	819b1e57-0334-4e5a-a6dd-cff70891deb1	Shoes	2021-02-06 08:41:10.857612
7	75f65800-aeed-4bf6-ba8e-b70323ef1f62	Watches	2021-02-06 08:41:11.021309
8	21ed387d-9e68-4d1b-8fd5-58755115f7e4	Headphones	2021-02-06 08:41:11.905962
\.


--
-- TOC entry 2958 (class 0 OID 24858)
-- Dependencies: 204
-- Data for Name: Items; Type: TABLE DATA; Schema: public; Owner: admin
--

COPY public."Items" ("Id", "Guid", "Description", "Cost", "CategoryId", "UpdatedTime") FROM stdin;
1	0fe69a5f-0978-4b46-92a3-4b33b12bca78	Artisanal foods	9256	1	2021-02-06 08:41:08.570037
2	4a66a7db-ee8d-4e15-9415-dc05a0922719	Caviar	9962	1	2021-02-06 08:41:09.83872
3	321a2def-3dae-41c7-a83e-fba02f2cdcb0	Cheese and artisan cheese	8326	1	2021-02-06 08:41:09.853318
4	c3d95088-4cbd-45ee-b6a3-aa87f7f37c35	Specialty coffee – sometimes referred to as artisanal coffee	569	1	2021-02-06 08:41:09.863648
5	2c94c829-0bf1-4951-abdf-0621f4ffb5bb	High-quality chocolate	1914	1	2021-02-06 08:41:09.869203
6	b706e37c-eed0-4f79-a916-448a4ce5789e	Foie gras	8035	1	2021-02-06 08:41:09.873974
7	7b711d89-d7b8-4981-ad00-458097c9db76	Asparagus	278	2	2021-02-06 08:41:09.884435
8	49367a5d-6ddf-4853-9446-785e3af2fb8c	Broccoli	2521	2	2021-02-06 08:41:09.89405
9	8f8a139d-508f-4437-818c-07558d817773	Carrots	3418	2	2021-02-06 08:41:09.897803
10	ee54fc0a-a95b-4811-82a8-46729629f9ea	Cauliflower	4315	2	2021-02-06 08:41:09.90184
11	81684e65-faa6-4946-8c59-ace4d6864913	Celery	5212	2	2021-02-06 08:41:09.906434
12	3af623f6-4024-4061-b4a3-c7843c5e18a2	Corn	6557	2	2021-02-06 08:41:09.912224
13	42be8648-7027-40b0-9238-3f5dbf603b0e	Cucumbers	7454	2	2021-02-06 08:41:09.916516
14	e64eb646-f894-441e-bba5-9e906dd83595	Lettuce / Greens	3575	2	2021-02-06 08:41:09.921198
15	08efb25c-955e-49ac-8e27-9a0a511ca920	Mushrooms	4472	2	2021-02-06 08:41:09.92558
16	c0e175e5-957a-435a-9b59-3b77f3d263d6	Onions	594	2	2021-02-06 08:41:09.929764
17	649fb5db-ac65-4624-baa6-d2a2ef106174	Peppers	1491	2	2021-02-06 08:41:09.934094
18	b367f6c1-5e9c-4802-96ed-cc1069f02af6	Potatoes	7612	2	2021-02-06 08:41:09.939294
19	aa0d0b55-6454-4c36-b2bd-5b1fa953fb59	Spinach	8957	2	2021-02-06 08:41:09.945082
20	e8f62cd1-7896-4865-a77f-6605d33b3733	Squash	5079	2	2021-02-06 08:41:09.950744
21	c3a00185-50e2-4aba-b1ca-277c82f1e986	Zucchini	6424	2	2021-02-06 08:41:09.956277
22	440bd027-925e-470b-8eb2-24b1c3d312a2	Tomatoes	7321	2	2021-02-06 08:41:09.96101
23	85a6d8c1-ff9e-40bd-8006-c38014d26785	Bacon / Sausage	3443	2	2021-02-06 08:41:09.965854
24	6a021aa7-3ba7-447f-a43f-414f123d4172	Beef	4788	2	2021-02-06 08:41:09.971281
25	c5b5de2e-71cb-4e31-9e3f-fb00ab51ba97	Chicken	910	2	2021-02-06 08:41:09.976577
26	7ddeb477-26b0-4110-af8d-a7f62f169a09	Ground beef / Turkey	7030	2	2021-02-06 08:41:09.981152
27	ce6c3acd-bfb6-4df3-b645-be59ec073edf	Ham / Pork	3152	2	2021-02-06 08:41:09.986666
28	feb053b4-61b6-48e7-a1dc-3dbed8c7a99b	Hot dogs	4497	2	2021-02-06 08:41:09.992536
29	a114a48c-fd02-4f9a-a898-dc2a37ca6c55	Lunchmea	5843	2	2021-02-06 08:41:09.998328
30	7e747c4c-e690-4bdf-8850-e0e4aeebd42d	Applesauce	2935	2	2021-02-06 08:41:10.004359
31	6253df2c-54d1-4d6c-82c6-fbdf69e8aeff	Baked beans	4281	2	2021-02-06 08:41:10.010332
32	31b3db80-03f4-470d-afa2-f917489f32cc	Chili	851	2	2021-02-06 08:41:10.018016
33	8e8f26a3-dd6c-418b-9049-18254569373a	Fruit	2196	2	2021-02-06 08:41:10.023697
34	3541ad58-9d24-44c0-8093-12344fe47b18	Olives	3542	2	2021-02-06 08:41:10.030235
35	fa6794ed-e71c-40d5-9633-4aeb71450b9a	Tinned meats	4887	2	2021-02-06 08:41:10.035642
36	5a3820d8-9aa5-48ac-87e7-b8fd0670cf50	Tuna / Chicken	6232	2	2021-02-06 08:41:10.041932
37	336748a5-854e-4220-8131-c54e10b2b2e8	Soups	2354	2	2021-02-06 08:41:10.047524
38	45733ed5-a793-46ed-b85d-67cd5eacafcb	Tomatoes	8923	2	2021-02-06 08:41:10.053877
39	3f5a3b0b-4138-4a16-ba5a-d92ed1f6e822	Veggies	5045	2	2021-02-06 08:41:10.059349
40	b72ee931-1cd9-45bf-8c27-5ec706d4715b	Beer	7736	3	2021-02-06 08:41:10.070544
41	bfa3a519-3f1a-4f7b-b75c-b9991edfd62a	Cider	3857	3	2021-02-06 08:41:10.076422
42	181deee0-1572-4644-9838-b8977ef1ca28	Cocktails	427	3	2021-02-06 08:41:10.082791
43	5cce6d37-d6b8-4f42-877b-368d8528717f	Hard soda	1773	3	2021-02-06 08:41:10.088625
44	f343d76b-139a-4e5b-87d8-fd633fc05126	Wine	3118	3	2021-02-06 08:41:10.094813
45	591bdfc8-bdac-45b0-948a-6853e58f44ee	Barley	4464	3	2021-02-06 08:41:10.101507
46	b653981f-e59c-4220-a9a8-ad9546a29281	Mixed drinks	1034	3	2021-02-06 08:41:10.108247
47	f4d1fe9d-1cda-4e18-9ac1-fbf10648cae2	Coffee	2379	3	2021-02-06 08:41:10.11427
48	942f3df6-991e-44e4-9cf4-02aa664ca405	Hot chocolate	3724	3	2021-02-06 08:41:10.120319
49	d4128662-1e3a-4d2a-8e39-8da035b37e58	Lemon tea	295	3	2021-02-06 08:41:10.127597
50	947fc5a4-de11-4441-8305-913abfe54d4a	Soft drinks	6864	3	2021-02-06 08:41:10.13449
51	70e6a8db-b7d7-4127-97e9-275b73e4d214	Milk	3434	3	2021-02-06 08:41:10.14174
52	251d9082-3a9a-44b8-9fad-55cec34f7303	Water	4	3	2021-02-06 08:41:10.148122
53	5c8be2ca-3d9a-427b-bbf2-ae8bcdf9becf	Juice drinks	6573	3	2021-02-06 08:41:10.164764
54	45d10c03-233d-4f25-b48c-69c3d5f9e992	Green tea	162	3	2021-02-06 08:41:10.171478
55	e99512f4-c8ae-439a-a192-c4e1879908dc	Beer cocktail	6731	3	2021-02-06 08:41:10.178219
56	d6d21376-46d3-49db-b3ab-78b797a0b9db	Coconut water	8076	3	2021-02-06 08:41:10.184779
57	ac1b12b9-82ef-4872-b998-d97b75fd112a	Orange juice	4646	3	2021-02-06 08:41:10.19163
58	86bc180e-bb93-442a-aae1-f0164aaef3de	Apple juice	1216	3	2021-02-06 08:41:10.198377
59	82b9bb34-8710-4004-91a6-a83fa1abaa0e	Almond milk	7786	3	2021-02-06 08:41:10.205335
60	05792899-b79d-47b5-b636-c9faead561e9	Lenovo IdeaPad 120s	5701	4	2021-02-06 08:41:10.218199
61	6bff6083-7a0a-48ea-a36b-dcb4d929ae6f	Asus Vivobook E403NA	7046	4	2021-02-06 08:41:10.225144
62	c39fbea2-2740-4100-98b4-fd572292fc95	Acer Aspire E15-575	8840	4	2021-02-06 08:41:10.232253
63	26233aed-f7c2-4618-ad71-aab97b9ce47c	Lenovo ThinkPad T440 (refurb)	5410	4	2021-02-06 08:41:10.239569
64	fbc2b896-c094-4233-9d84-65f81bb3b22c	Lenovo ThinkPad T440s (refurb)	1981	4	2021-02-06 08:41:10.246915
65	c7816a94-e3d9-48f5-a2ae-e7eee34600ad	Dell Inspiron 13 i5379	8550	4	2021-02-06 08:41:10.253884
66	cd01b788-2093-45b4-a45a-a490981412f0	Asus Vivobook F510UA	5120	4	2021-02-06 08:41:10.261193
67	805d5b73-9ce5-407d-906f-de718d73d8e2	Acer Aspire E5-576G	6914	4	2021-02-06 08:41:10.268616
68	5fef81fb-690f-4247-aaab-af9d8e18ecc7	Lenovo ThinkPad E470*	8707	4	2021-02-06 08:41:10.276487
69	d2f4b90b-bdc1-4f67-8f54-06dfe8098146	Asus Zenbook UX330UA	5278	4	2021-02-06 08:41:10.283395
70	97873410-bdec-4cdb-a69a-031bb4504b2e	Lenovo ThinkPad 13 *	1848	4	2021-02-06 08:41:10.291048
71	697130df-3b1f-4044-9a9f-1f8d214492d4	Dell Latitude 14 3480*	3641	4	2021-02-06 08:41:10.298583
72	3a604c2f-6cbe-4b8e-989b-221751d768d7	HP Envy 13	5435	4	2021-02-06 08:41:10.30744
73	f0db7254-3e69-4acf-974f-f01a7b41e35f	Apple Macbook Air 13	7229	4	2021-02-06 08:41:10.315483
74	ce44ebc3-9842-4e6a-b861-f87cbdcf62e1	Dell XPS 13 9360	4248	4	2021-02-06 08:41:10.324457
75	28af3f06-391e-4e49-98e1-a82b924796ea	Lenovo ThinkPad T470*	6042	4	2021-02-06 08:41:10.332623
76	c4e57fea-416b-4340-b671-72a03bd7d0fd	Lenovo ThinkPad T570*	3060	4	2021-02-06 08:41:10.341254
77	cde151c5-751b-40bb-aaa4-17e21a4fd41a	Lenovo ThinkPad X270*	4854	4	2021-02-06 08:41:10.34986
78	78bb36d5-23d6-461b-843d-002c22d3205a	Dell Latitude 14 3490*	1873	4	2021-02-06 08:41:10.35833
79	d9a2ded7-8ee2-4ed6-9df9-1ca84a07e3a6	Asus Zenbook UX430UA	3666	4	2021-02-06 08:41:10.366838
80	84dad537-2eaa-4985-9584-afc4d6585aa0	Lenovo ThinkPad T470p*	5909	4	2021-02-06 08:41:10.375892
81	6de660ab-cf91-46f4-9f44-cb1fe2aa2145	Dell Latitude 15 E5580*	2927	4	2021-02-06 08:41:10.385955
82	03626b53-8276-4eb1-b444-a5c6050af13c	Dell XPS 13 9370 Dev. Edition	5170	4	2021-02-06 08:41:10.395441
83	e2d0c642-e8da-4661-9f59-68543454d55a	Lenovo ThinkPad T470s*	7412	4	2021-02-06 08:41:10.406765
84	712392a2-c9d4-4812-b9d3-2001447bd371	Dell XPS 15 9560 (i5 refurb)	4879	4	2021-02-06 08:41:10.417677
85	28741563-9c8b-48f0-bb24-925e1d7208d6	HP Spectre 13	2346	4	2021-02-06 08:41:10.428274
86	6302beb0-7018-4042-ad4b-d2ff90aba63f	Dell XPS 13 9370	9812	4	2021-02-06 08:41:10.438811
87	488748da-4590-490f-82e2-1d75205cf5dc	Lenovo ThinkPad X1 Carbon	2055	4	2021-02-06 08:41:10.449576
88	477200b0-1cb9-4475-8c26-814a2e2979ac	Dell Latitude 15 E5590*	9521	4	2021-02-06 08:41:10.460393
89	253195bb-359f-4cf3-aaad-e3d5f51301f7	HP Elitebook 1040 G4	6988	4	2021-02-06 08:41:10.470955
90	fbfe19c5-e956-48eb-949c-cd89f5cb408b	Dell XPS 15 9560 (i5)	9231	4	2021-02-06 08:41:10.481022
91	9407c259-2460-46d3-b0f1-8c6d8fd9bc53	Dell XPS 15 9560 (i7 refurb)	6249	4	2021-02-06 08:41:10.490673
92	75e5c7b0-42e7-458e-b537-48a04fac8b42	Dell Latitude 14 E7490	8492	4	2021-02-06 08:41:10.500299
93	419e10b3-f630-4ce5-958d-043660b044c9	Asus Zenbook UX550VE	735	4	2021-02-06 08:41:10.510099
94	50f3123a-dcfa-4754-83ab-01a0e50fc620	Apple Macbook Pro 13	2977	4	2021-02-06 08:41:10.520348
95	fc68d3cc-e700-479b-bc41-77a26fde86b9	Asus Zenbook UX490UA	5220	4	2021-02-06 08:41:10.530551
96	1e239b9e-f73e-40e6-801d-e70c2a36e8b3	Dell XPS 15 9560 (i7)	2687	4	2021-02-06 08:41:10.541096
97	bdbd32a6-6907-4941-be72-c84077fc7abc	Apple Macbook Pro 15 w/ bar	4929	4	2021-02-06 08:41:10.551178
98	feab0666-146e-4bd3-89b1-481eb61eac43	Alldocube iPlay 30	8965	5	2021-02-06 08:41:10.569562
99	a1ccf137-22a2-4c15-b550-ac8acbebc2fb	Amazon Fire HD 10	1208	5	2021-02-06 08:41:10.579793
100	8fe455c0-f186-4c51-a204-535ab45f3f1b	Chuwi SurPad	3451	5	2021-02-06 08:41:10.589656
101	e79245c2-0ac9-4bbf-9e23-bd468d428a91	Lenovo Smart Tab M10	918	5	2021-02-06 08:41:10.600859
102	a67308f3-5f85-47a6-8f53-b72850443c31	Lenovo Tab 11	8384	5	2021-02-06 08:41:10.611669
103	3f76aeb7-9887-4701-bf84-3df4ff66926a	Lenovo Tab 11 Pro	5851	5	2021-02-06 08:41:10.622285
104	45d15ac3-bf13-4fe4-972f-ebc7f27b97bc	Lenovo Tab M10 Plus FHD	8093	5	2021-02-06 08:41:10.632529
105	ebfb0c43-bdda-4b17-adc0-7847eb44966b	Google Assistant	5560	5	2021-02-06 08:41:10.642953
106	04b864bb-c315-4a63-ae32-72de91a9d645	Lenovo Smart Tab P10	7802	5	2021-02-06 08:41:10.654032
107	13a86f56-63cc-4a66-8c43-5b830e31d80f	Lenovo Tab M10	494	5	2021-02-06 08:41:10.665356
108	00b5dff2-69da-4f95-84b2-ba9617e85df7	Lenovo Yoga Smart Tab	7960	5	2021-02-06 08:41:10.677079
109	5d3cc617-cddf-4710-9f9f-f86436515f42	LG G Pad 5 10.1 FHD	5427	5	2021-02-06 08:41:10.688092
110	cc2e2e30-05bd-4a92-b9b0-e2e254cc2488	Onn 10	2894	5	2021-02-06 08:41:10.698072
111	4765b29f-3975-45a5-9d6e-63368512b589	Samsung Galaxy Tab A7	361	5	2021-02-06 08:41:10.709743
112	c03cb901-d0cd-42fe-9c5e-4b6b6b58069c	Samsung Galaxy Tab A 10.1	3052	5	2021-02-06 08:41:10.721604
113	f2eb1fb8-b876-4a3b-9e56-c195942c2362	Samsung Galaxy Tab A 10.5	5743	5	2021-02-06 08:41:10.734972
114	3481ed43-ef09-43f2-8950-afad89dd50df	Samsung Galaxy Tab S4 10.5	3658	5	2021-02-06 08:41:10.747042
115	229bac45-4973-4156-b6d6-3adfaa52278a	Samsung Galaxy Tab S5e	6349	5	2021-02-06 08:41:10.758699
116	165de709-da7e-4952-99ca-295db89790eb	Samsung Galaxy Tab S6	3816	5	2021-02-06 08:41:10.77046
117	8adb2269-7c41-4ffb-8fa8-7d1ff6406182	Samsung Galaxy Tab S6 Lite	1732	5	2021-02-06 08:41:10.782874
118	70435883-678f-463c-ad2a-d427537559ce	Samsung Galaxy Tab S7	4422	5	2021-02-06 08:41:10.795981
119	f58aa98c-efb9-46a2-af7b-71f22bdf3f54	Samsung Galaxy Tab S7+	3235	5	2021-02-06 08:41:10.812919
120	2a32bbb0-bd5a-4dcb-9792-53f75a4a76a7	Teclast M40	1599	5	2021-02-06 08:41:10.827897
121	72124a05-09b2-4c79-937c-46db5c147840	Teclast P20HD	4738	5	2021-02-06 08:41:10.841958
122	3100f340-0893-4c04-9980-7356fa7a8f2d	Chuck Taylor	5344	6	2021-02-06 08:41:10.86705
123	7353c5d2-470c-4c81-880b-66a6dc062f78	Golf shoes	8484	6	2021-02-06 08:41:10.880436
124	f7804ce0-c7d4-4b8e-8189-28458b645106	Hiking boots	6399	6	2021-02-06 08:41:10.893275
125	d0740658-c391-469c-8e3d-be79d77e04ec	High-tops	4315	6	2021-02-06 08:41:10.907064
126	3487569b-1b45-4d4a-9444-68b41e041cc6	Running shoes	7454	6	2021-02-06 08:41:10.920565
127	c2691aa4-dd20-4020-8d85-800725dae3cb	Climbing shoes	594	6	2021-02-06 08:41:10.934272
128	185e823f-8354-4a6b-91c1-42f07493aa95	Soccer shoes	3733	6	2021-02-06 08:41:10.949151
129	6e7fe03e-4e7c-4fb7-9861-f5fd2486a524	Sneakers (U.S)/ Trainers (U.K)	6873	6	2021-02-06 08:41:10.962726
130	89145bc7-6297-4664-b1b7-af4c2c554905	Old skool	4788	6	2021-02-06 08:41:10.975943
131	7ba99059-5556-4e5e-8c72-3f7183a7d008	Basketball shoes	2704	6	2021-02-06 08:41:10.988677
132	6a516d9f-bba4-4757-8c09-07020ad19128	Ice-skates	1067	6	2021-02-06 08:41:11.004143
133	67a31c19-ff23-4567-ae44-3f74bca67fa1	Rolex	3093	7	2021-02-06 08:41:11.031723
134	89014789-f71b-4257-85ba-912d98678228	Patek Philippe	6232	7	2021-02-06 08:41:11.047178
135	334d4496-3ae3-4d4b-8636-f8dc67854129	Audemars Piguet	4596	7	2021-02-06 08:41:11.061333
136	9075f0f5-1d67-4247-8ee6-fffb2d0de341	A.Lange & Söhne	7736	7	2021-02-06 08:41:11.07493
137	c887c8cf-0615-46d7-bfb6-0b749082172b	Omega	876	7	2021-02-06 08:41:11.088798
138	8f4d45ec-3eb3-4555-8417-bcc2ff02e2c9	Blancpain	4912	7	2021-02-06 08:41:11.106453
139	9eed3986-2695-4b3a-9158-acf6ecbe2abd	IWC Schaffhausen	2828	7	2021-02-06 08:41:11.118975
140	09434af8-9bf3-4faf-ac10-64642cf807db	Jaeger-LeCoultre	743	7	2021-02-06 08:41:11.132332
141	a7d3e46a-e62a-4a28-bafd-76389aabc4ac	Chopard	8658	7	2021-02-06 08:41:11.145388
142	b133b4ea-714b-4363-b91b-fcadf7f4e191	Piaget	6573	7	2021-02-06 08:41:11.158539
143	382c571a-b61d-4d13-b00c-0951168c4f1b	Cartier	4489	7	2021-02-06 08:41:11.171064
144	f3aa49df-fbc8-45bd-9616-801ae7c5a46e	Vacheron Constantin	2404	7	2021-02-06 08:41:11.18482
145	f49a5053-c23b-4e1a-b1fe-42282cb9c5ee	Montblanc	320	7	2021-02-06 08:41:11.198005
146	c6052919-36ee-40cd-b624-026bb095b17b	Ulysse Nardin	3459	7	2021-02-06 08:41:11.211596
147	d997ea88-12d7-46a6-ac85-a4b401a71de4	Panerai	1374	7	2021-02-06 08:41:11.224997
148	fe78427d-d2ef-4693-a9d5-f5b3ca676fef	Girard-Perregaux	4513	7	2021-02-06 08:41:11.238734
149	3e3475dd-a2a0-40b9-8792-ab053f213dcd	Hublot	7653	7	2021-02-06 08:41:11.252246
150	54e7c931-0e8e-4972-9c1c-ad888b87993b	Bulgari	5568	7	2021-02-06 08:41:11.265265
151	79d7f3dd-71ab-4b47-b733-009f26405b12	NOMOS Glashütte	3484	7	2021-02-06 08:41:11.278529
152	37530a8d-bfd9-45d5-bab3-aa00e86dd4c7	Vincero	1399	7	2021-02-06 08:41:11.291335
153	e6a5dd4a-e832-472f-8d52-23b3b14f1e8a	Breitling	9314	7	2021-02-06 08:41:11.304926
154	0c8f4673-1bad-4eaa-b77e-bd346dc65797	Bremont	2902	7	2021-02-06 08:41:11.321346
155	aa6db029-f9f7-4d69-a685-74aa16c59b49	TAG Heuer	6490	7	2021-02-06 08:41:11.336494
156	eef6e48c-5d44-4192-b46e-715b50fe831f	Baume & Mercier	9629	7	2021-02-06 08:41:11.350575
157	6cd4c34e-856b-4361-a1d2-79c097bad2d3	Rado	7545	7	2021-02-06 08:41:11.363912
158	fdfdb337-5c67-4ed2-b101-6e38e4d70b57	Maurice Lacroix	685	7	2021-02-06 08:41:11.377855
159	7d45ab25-cb84-47ab-b6af-2082ef0f5668	Roger Dubuis	8600	7	2021-02-06 08:41:11.39104
160	d008dd15-85b2-41ab-a8c3-415f8c8eca7f	F.P.Journe	1740	7	2021-02-06 08:41:11.404772
161	757b5d0b-8aeb-467b-9158-e82eb05652f5	Tiffany & Co.	4879	7	2021-02-06 08:41:11.418647
162	52bc342c-42f1-49ab-867e-b12bf3eb248f	Louis Vuitton	2794	7	2021-02-06 08:41:11.433471
163	4f176611-b91d-4298-972e-29cf45a90298	Bamford	7728	7	2021-02-06 08:41:11.478392
164	1a3ec1f9-f24c-4d76-b7a3-6dfb42d57515	Zenith	2080	7	2021-02-06 08:41:11.527105
165	abc874b4-e1f4-4b7c-9398-c11cd9e3fd00	Bell & Ross	4032	7	2021-02-06 08:41:11.549598
166	7aae96bc-5971-44a1-8910-80ef7f927d07	Arnold & Son	2396	7	2021-02-06 08:41:11.564424
167	166fa5c6-0fb5-4a4b-a78f-f798ebce9fcd	Tudor	760	7	2021-02-06 08:41:11.578853
168	f4cd4981-dedf-4289-a8b8-6e00427100be	Alpina	3899	7	2021-02-06 08:41:11.593149
169	ecb4e31e-21aa-410c-896f-ee877eb8fe10	Seiko	2263	7	2021-02-06 08:41:11.60904
170	c26d0c02-5991-4729-8d0e-3f2a43ed2584	Jaquet Droz	5851	7	2021-02-06 08:41:11.624142
171	28582f01-a287-4b44-acf2-f2f8d54d7b28	Laurent Ferrier	8990	7	2021-02-06 08:41:11.638594
172	64b9149b-4484-4b40-a1c7-e267ac3bf474	Hamilton	7354	7	2021-02-06 08:41:11.65407
173	4d5c1ddb-b05b-46a6-95f0-60f77206271f	Longines	943	7	2021-02-06 08:41:11.670022
174	712ac0e4-bf7d-45c8-b7f8-4e4b643f708e	Maurice de Mauriac	9306	7	2021-02-06 08:41:11.684868
175	0e478a1e-b1d1-4697-aa1c-e57828ac7420	Parmigiani Fleurier	2894	7	2021-02-06 08:41:11.700228
176	656c22d5-14db-47de-a259-920dc3c835ce	Gucci	6034	7	2021-02-06 08:41:11.7151
177	ecf5ec6b-5672-4710-8a04-5580d0c7dd20	Weiss	4398	7	2021-02-06 08:41:11.730259
178	a04a4781-e88b-4a88-bc78-37b17ae335da	Armani	7985	7	2021-02-06 08:41:11.745125
179	3247613c-1288-44f3-8b75-d916a7a08f7a	Tissot	6349	7	2021-02-06 08:41:11.7612
180	98809039-141b-4460-b6bf-20998861053f	Van Cleef & Arpels	4713	7	2021-02-06 08:41:11.776628
181	63eec370-7b5d-44fe-a62f-307ca885ea05	Junghans	8301	7	2021-02-06 08:41:11.791694
182	9e7a1d56-bf4f-4622-afeb-9021315a5712	Bulova	6665	7	2021-02-06 08:41:11.807139
183	b97d1a39-ac02-4280-9e5d-98b0b6a0c538	Bovet Fleurier	5477	7	2021-02-06 08:41:11.823732
184	3da9c2b9-f7e1-4468-abf3-01c965f34482	Oris	9065	7	2021-02-06 08:41:11.83928
185	af46b2f0-f723-4b92-972b-adace504168a	Armin Strom	2654	7	2021-02-06 08:41:11.855429
186	6c302b95-fc83-493b-849f-d562d54f9609	Ressence	1018	7	2021-02-06 08:41:11.871124
187	70506c57-6490-40b5-a5ac-8c38ca23e0ec	Carl F. Bucherer	4605	7	2021-02-06 08:41:11.886609
188	7c8e49b2-f90f-4db0-828a-53c1caa964bc	Abyss AB-1266 Phi TC	1333	8	2021-02-06 08:41:11.917066
189	b7fafb59-a0a0-42c7-ad96-efecf3c19224	Acousticom 1060-HS	4921	8	2021-02-06 08:41:11.932407
190	63a4c351-dfbb-4729-a2f9-6c5f55ce6a18	Active Headsets DRE-1001	8509	8	2021-02-06 08:41:11.948382
191	3f4eb178-fd4a-445f-96bc-b64130cf5563	ADAM Audio SP-5	6873	8	2021-02-06 08:41:11.964464
192	9db54224-58ba-41df-8cb3-edf583677473	ADATA XPG Precog	461	8	2021-02-06 08:41:11.980332
193	4d7cdd20-16c3-4d4e-ac29-827a0c0d6a13	Aeroservey E520067	4049	8	2021-02-06 08:41:11.996749
194	6a511cd5-43f7-4ff8-9cfc-5b122a1efc96	Aftershokz Titanium	8608	8	2021-02-06 08:41:12.01339
195	7df4a98f-f251-4ed6-92bd-a62a46acf116	AIAIAI TMA-2	7420	8	2021-02-06 08:41:12.030254
196	b10053c8-eea3-45b5-a855-9d1fb7e1bb45	Ailihen C8	1009	8	2021-02-06 08:41:12.046226
197	075713ba-524c-4669-b5a7-4b50b37fca9c	Aircom A3x	9820	8	2021-02-06 08:41:12.062582
198	5604043a-c61c-4227-9863-9d99092e8bb3	AKG K812	8184	8	2021-02-06 08:41:12.078303
199	aa2e88f8-1a61-4f19-866b-42f246cde3a1	Allen & Heath XD2-53	1773	8	2021-02-06 08:41:12.095075
200	640a5c54-f714-4ec6-8fce-e1d8fa047bbc	Alesis DRP100	585	8	2021-02-06 08:41:12.111397
201	78202662-9357-409a-bef2-a887d65c3631	Alphatec Beatbox i08	4173	8	2021-02-06 08:41:12.127756
202	5fe11f29-09be-42c0-b03f-4403151735ff	Amazon Echo Buds	8209	8	2021-02-06 08:41:12.145776
203	32ccad01-507a-4d07-822a-07429e7dc1a5	American Audio HP 550	7021	8	2021-02-06 08:41:12.162831
204	b2d93d54-7237-47b1-8a10-3c919586a94b	Amkette Trubeats Urban Bluetooth	5834	8	2021-02-06 08:41:12.179482
205	c3e32c4b-5008-4b39-872d-3f3580713f8c	Andrea Communications (Andrea Electronics) ANR-950	9422	8	2021-02-06 08:41:12.196285
206	a8b14b45-4162-4b10-bf17-f7d9fe273e4a	APCO Aviation Air Extreme PHD1	8234	8	2021-02-06 08:41:12.213031
207	45470bda-c6d4-4574-80f3-71c004cb60b7	Apex HP100	7046	8	2021-02-06 08:41:12.229542
208	c29dac34-81a3-4dcd-a47f-aa0ba1d60a23	Apple Air Pods	635	8	2021-02-06 08:41:12.246189
209	1bc07d01-a6d8-4557-a412-101c121f00b7	Arctic P253 BT	9447	8	2021-02-06 08:41:12.262846
210	a7bb9a10-9940-4247-8edf-4357697758e6	Astell & Kern AK T5p	3484	8	2021-02-06 08:41:12.280698
211	1061fe35-3f07-418b-a0a1-a9a8549da4d8	Astro A40 TR	7520	8	2021-02-06 08:41:12.297993
212	3a508bd0-26ca-42b2-bbc1-fc86b655e20b	Asus STRIX 7.1	1557	8	2021-02-06 08:41:12.316241
213	e1d28d34-5aa6-4d0c-ac67-37c341e6d1d7	Audeze LCD-4	369	8	2021-02-06 08:41:12.333804
214	38b5bcdb-c31f-425c-a50c-2874fa17fa40	AudioQuest NightOwl Carbon	9181	8	2021-02-06 08:41:12.351065
215	2761b691-78a2-47dc-a080-0cb4c9967801	Audio-Technica ATH-R70X	3218	8	2021-02-06 08:41:12.368975
216	d1a34b77-ce43-46a4-ad84-1de26bf76fb7	Ausdom AH2 Deep Bass	7254	8	2021-02-06 08:41:12.386332
217	46217312-2c6a-4f85-b956-d8f49a43c650	Austrian Audio Hi-X55	6067	8	2021-02-06 08:41:12.405325
218	afd8c0a4-3127-4a6a-8644-5e1b7b713e36	Avantone Pro MP-1	5327	8	2021-02-06 08:41:12.422813
219	73dbf1b1-dbce-436f-ae8e-1d093a8c151f	Avantree HT4186	9364	8	2021-02-06 08:41:12.440419
220	33ddffca-d068-4a03-bf73-50edfe15d08f	Awei Q38i	3401	8	2021-02-06 08:41:12.458653
221	f867f1e7-10b8-43e2-8866-5aca61639db3	Axel FX	7437	8	2021-02-06 08:41:12.477126
222	b4a61662-8e0f-4e72-8035-134b986a37df	Azusa E520067	6698	8	2021-02-06 08:41:12.496098
223	210b171c-aac6-46d9-bdb2-f6414c0d64e1	Bang & Olufsen Beoplay H9	735	8	2021-02-06 08:41:12.514469
224	aa24ae77-209a-431d-b5be-3b7354371e13	Beats Electronics Solo Pro	9995	8	2021-02-06 08:41:12.534086
225	a6fa800a-8dd9-4498-b0ea-1cac3f6549f6	Behringer HPS3000	9256	8	2021-02-06 08:41:12.552462
226	3c031641-458a-49cb-b700-ef29f3facbd1	Beyerdynamic T 1	3293	8	2021-02-06 08:41:12.570145
227	5004b9ac-ea09-4103-8c67-756fb76230dd	Blue Microphones ELLA	7329	8	2021-02-06 08:41:12.588153
228	c3cbfbdc-9104-4b44-a3c7-61b340a41249	Bluedio T-elf 2	6590	8	2021-02-06 08:41:12.606972
229	8a285f2f-9c24-494c-9115-23f46aa83160	Boombotix Master Headphones	627	8	2021-02-06 08:41:12.625622
230	69af5ba2-2d63-457f-a243-0a23e6b558d1	Boomphones Phantom Headphones	4663	8	2021-02-06 08:41:12.644022
231	b526026f-8eeb-4ae5-a439-64c42a04f8b2	Bose 700	3924	8	2021-02-06 08:41:12.662382
232	c4a87ea6-dac6-46e3-88b6-49f229cf7cb4	Bowers & Wilkins PX7	8409	8	2021-02-06 08:41:12.681857
233	5e371f20-2696-4177-8641-03aaf038c30f	Brainwavz Audio B400	2446	8	2021-02-06 08:41:12.700008
234	1251467a-1011-4a06-9346-b101cda21b59	Bush PHK-907	1707	8	2021-02-06 08:41:12.718626
235	310ddd9b-2074-4a3e-909e-42e2e01ff749	CAD Audio DH100	5743	8	2021-02-06 08:41:12.73779
236	aba74fea-e824-48ce-8839-e0e211e25bbc	Campfire Audio Andromeda	5004	8	2021-02-06 08:41:12.756678
237	959609df-d2ae-46f2-af95-229a65360bc9	CEntrance Cerene dB	4265	8	2021-02-06 08:41:12.77599
238	f0683258-a59c-4578-88c4-5b80d846ed1f	Clarity Aloft Classic Headset	3526	8	2021-02-06 08:41:12.794491
239	a75afd58-e63d-4dcf-9161-275c99f6efde	Clement Clark Communications Airlite 2200	2786	8	2021-02-06 08:41:12.813384
240	d55811ea-5fd0-4eba-9f3e-6d93b87ce2fe	Cobham N/A	2047	8	2021-02-06 08:41:12.833375
241	340affa9-d320-4736-bf07-c27247a88230	Cooler Master MH-751	6532	8	2021-02-06 08:41:12.853561
242	ab81de2d-e530-401d-b894-b0f7db6b6b8f	Corsair VOID PRO	6241	8	2021-02-06 08:41:12.873513
243	9dd69712-80e5-4060-8b35-462e3415e072	Cowin Audio E7 Pro	5502	8	2021-02-06 08:41:12.892839
244	c2c66f91-49fd-4b19-978d-d17d5d5a804d	Creative Aurvana Platinum	4763	8	2021-02-06 08:41:12.91192
245	5bdc19e4-78e2-4270-96f4-f7e3ebd6ce69	Culture Audio V1	9248	8	2021-02-06 08:41:12.931985
246	a574136c-1437-49f5-b399-c950be94cd40	David Clark Company H10-13.4	3733	8	2021-02-06 08:41:12.952061
247	450903d0-9a87-4fdb-9b3e-62972ad651c6	Decibullz Custom Molded Earplugs	3443	8	2021-02-06 08:41:12.972497
248	7b4a1528-f9e6-4e14-8cd7-9e0284cb287e	Definitive Technology Symphony 1	8376	8	2021-02-06 08:41:12.995808
249	130719d5-8cee-4e2a-8d1c-382696c346d8	Denon AH-D9200	3832	8	2021-02-06 08:41:13.015412
250	dfb74e54-2fd7-49c7-a570-89fea78f6ccc	Dekoni Audio Blue	8317	8	2021-02-06 08:41:13.035665
251	103c43f3-bb31-4dbf-99c1-abcadd43e03e	Dexibell HF7	2803	8	2021-02-06 08:41:13.056011
252	40ebfda5-c95c-497d-b183-8af41121781d	Direct Sound EX29	7287	8	2021-02-06 08:41:13.076448
253	7b525b5d-b9ae-4e7e-8c3c-04c6e06bfd26	DITA Dream XLS	1773	8	2021-02-06 08:41:13.096494
254	d81522a0-8037-4917-b101-e9747c354177	Doppler Labs Here One Wireless Smart Earbuds	1482	8	2021-02-06 08:41:13.116547
255	b018c315-4579-4085-821d-9fda279c1c07	Echobox Audio TI-22BT	5967	8	2021-02-06 08:41:13.13686
256	7540bd92-1872-4f9c-9391-bdc5e6139c4d	Edifier W828NB	452	8	2021-02-06 08:41:13.157145
257	45598af7-ee77-45ac-998d-d7123f11a544	Etymotic Research ER4	4937	8	2021-02-06 08:41:13.177532
258	f94efc91-7aa2-40ba-8256-e3a181d414b5	Factem AVPBT01	4646	8	2021-02-06 08:41:13.197389
259	8336d85a-0a09-41b7-9454-233ce3811331	Faro G2 ANR	3907	8	2021-02-06 08:41:13.217644
260	bf7edf6a-368d-4faa-a879-539315d4335c	Ferrari By Logic3 T350	3617	8	2021-02-06 08:41:13.238232
261	cb9e55ae-3075-430f-9c00-f5c9d35b1f8a	Fender PureSonic Premium	8101	8	2021-02-06 08:41:13.25893
262	4b21b7ac-7595-4452-8581-e9de523ff295	FIIL Canviis	7810	8	2021-02-06 08:41:13.280562
263	66a6587b-9994-4814-b32c-c3887b65d223	FiiO F9	2745	8	2021-02-06 08:41:13.301331
264	f3261042-342c-46bf-91c8-5bbb0e6b1be1	Final E4000	2454	8	2021-02-06 08:41:13.322947
265	dda583b0-73f1-4661-a438-47a5f2e8d89a	Firacore F10 5.0	2163	8	2021-02-06 08:41:13.343268
266	a0cdeff1-b240-4025-bbbb-87e7c8cfc824	Flightcom 4DLX	1873	8	2021-02-06 08:41:13.364578
267	352779c8-de18-4794-a884-e0d5531eba21	Floyd Rose 3D Stereo Fabric	1582	8	2021-02-06 08:41:13.386027
268	034aaad7-e607-41d6-889c-9f671604920f	Focal Utopia	1740	8	2021-02-06 08:41:13.409386
269	36c30dff-7bc9-4bd6-b3d1-65f6abb95394	Focusrite HP60 MKIII	1898	8	2021-02-06 08:41:13.434163
270	6f7a24e4-e3fe-4889-b0a7-24c36391bb7f	Fostex RPmk3	7728	8	2021-02-06 08:41:13.459468
271	d8c086af-24dd-40d8-9cdb-51a9bb85683e	G.Skill RIPJAWS SV710	3110	8	2021-02-06 08:41:13.482982
272	33ed5b36-7e50-4ec0-8e97-fb8df89e4d8b	Gentex Gencom III	8492	8	2021-02-06 08:41:13.508231
273	2a02c4e3-5c75-45a4-a042-3646f8410d32	Gibson & Barnes GB-2000 ANR	4323	8	2021-02-06 08:41:13.533909
274	2ca2848c-7af9-44f3-bf3b-edf90918132c	Gold Awin NC	602	8	2021-02-06 08:41:13.559902
275	72a7afab-4f69-4ea8-9ec3-9cabe897448e	Google Pixel Buds	760	8	2021-02-06 08:41:13.582932
276	277c7490-40c4-4f7c-94c0-6b35b82606f4	Grado Labs SR325e	6141	8	2021-02-06 08:41:13.607258
277	bc37bbfa-87c6-411c-bb84-65846b8c7a3e	GranVela A8	6748	8	2021-02-06 08:41:13.633229
278	67df2643-ca9d-4510-9bdd-5b5327b95fb4	Gripped Fitness Audio Rose Gold V.2	2130	8	2021-02-06 08:41:13.656805
279	d34c88f9-2681-486d-ac0f-3d7aa305d129	Happy Plugs Air 1	7512	8	2021-02-06 08:41:13.679954
280	895d3bba-3c51-4631-b4f2-7c2d6a509996	Harman Kardon Soho Wireless	8118	8	2021-02-06 08:41:13.706303
281	2b8ee4a3-f0ff-4e0b-aaff-677af420377f	HeadSound H5	3501	8	2021-02-06 08:41:13.728703
282	155331d8-0a00-4236-9982-ffaee3e313b1	Hear Technologies Future Sonics Spectrum Series G10	8434	8	2021-02-06 08:41:13.751799
283	353c865a-4847-451a-affe-83a6a8c81b22	HEDD Heddphones	8591	8	2021-02-06 08:41:13.773876
284	2ff57387-2d83-4c4e-ae2f-5b4d23d69d49	Heil Sound Pro Set 3	3526	8	2021-02-06 08:41:13.796802
285	f407b68c-9f96-4b3a-8157-b26321bbb195	Hercules HDP DJ M 40.1	3683	8	2021-02-06 08:41:13.819191
286	d4efd820-780c-452c-a7d0-d7a607d5fbe8	HiFiMan HE1000 V2	8616	8	2021-02-06 08:41:13.841185
287	f0e56d36-6c83-47be-9fee-57aa2fb4ca11	Holmberg HD-10-E	3551	8	2021-02-06 08:41:13.863485
288	cf04ff39-1e46-4a92-babe-b5cb919bb6a9	Hosa Technology HDS-100	8932	8	2021-02-06 08:41:13.886449
289	b73b735b-dfb2-4a7c-becb-593342ef67ab	House Of Marley Exodus	3866	8	2021-02-06 08:41:13.909991
290	3be48de4-d287-4a97-a7d4-710bc005ac46	HyperX Cloud Alpha S	4024	8	2021-02-06 08:41:13.932052
291	e8a56068-45c6-4449-8886-feba6e278448	iBall Earwear Rock	8957	8	2021-02-06 08:41:13.954763
292	a61dba5a-ea74-41a4-92fa-11c5e40da7c5	Icaro Comunica Electronics 3M X5	9115	8	2021-02-06 08:41:13.977282
293	180529c6-d0b6-40cf-ad82-1998670a7c6a	IdeaUSA V200 ANC	9273	8	2021-02-06 08:41:14.001573
294	0805c443-ed4d-470b-8655-2bcf102f1eee	iFrogz Impulse	402	8	2021-02-06 08:41:14.02457
295	2e3f1a25-f200-4c75-9e79-22818a9f90c4	Imtradex Aircraft Control	560	8	2021-02-06 08:41:14.047448
296	825e3d49-2693-4a2e-b0d4-7ffc84fc2b27	IT7 Audio iT7xr	718	8	2021-02-06 08:41:14.070947
297	261eeddf-fa6a-4705-a4a6-7b99e012dbd6	Jabra Evolve 75	1324	8	2021-02-06 08:41:14.095265
298	4354a9b4-28d9-40b0-bfd7-d393cd701374	Jaybird Vista	6706	8	2021-02-06 08:41:14.119205
299	f523fb24-98f1-4c4e-a28a-09caeaae7401	Jays q-SEVEN	6864	8	2021-02-06 08:41:14.14269
300	a871ef5e-b60a-4019-98d2-f81bfc065ca0	JH Audio Layla	2246	8	2021-02-06 08:41:14.166225
301	ccd5935d-8f24-4926-959e-af934ff3ccea	JLab Studio SNC	2404	8	2021-02-06 08:41:14.189622
302	1b46eff5-f909-48f2-901a-24a0154cdec1	JVC Kenwood HA-XP50BT	2562	8	2021-02-06 08:41:14.213788
303	e8091a33-b883-4965-8e0b-799386acba37	KEF Space One	7943	8	2021-02-06 08:41:14.237292
304	5c329738-e10b-401e-bcc0-90ae586185af	Klipsch X20i	3326	8	2021-02-06 08:41:14.260727
305	bca3aca6-2329-4a58-bf45-1990b0b96b2e	Korg NC-Q1	3484	8	2021-02-06 08:41:14.288573
306	1dcf8509-173e-4de0-9a59-476b5683af00	Koss ESP950	9762	8	2021-02-06 08:41:14.311991
307	12b121cd-91be-4379-b6ba-7ddc5ffbecd7	KRK KNS 8400	9920	8	2021-02-06 08:41:14.334747
308	68cbe2ab-f1ae-4f76-9e1e-8fbee9f6af4b	Kygo Life Xenon	5302	8	2021-02-06 08:41:14.358622
309	3bfbd16d-c504-46e6-a88b-615a4aef1d5c	LB-Acoustics Mysphere 3	5460	8	2021-02-06 08:41:14.381864
310	2b30ad6f-c1e8-496f-836c-c640fca86cba	Lightspeed Zulu 3	843	8	2021-02-06 08:41:14.405926
311	87070fd9-d229-4ab1-89e0-0d196da5087c	Listen Technologies LA-454	1001	8	2021-02-06 08:41:14.429379
312	fe78de0e-d88b-479b-a056-af490b17767a	Livv Headphones LIVV Headphones	6382	8	2021-02-06 08:41:14.453066
313	13721582-f917-4f94-a747-5ac73add5758	LG Tone Platinum+	6540	8	2021-02-06 08:41:14.476498
314	2c9994c3-6356-42fa-87b4-7b474d08c0eb	Logitech Pro X (LogitechG)	1923	8	2021-02-06 08:41:14.500377
315	5040c37d-f857-4919-a55c-df4bac6f78ad	M-Audio HDH50	2529	8	2021-02-06 08:41:14.524586
316	2f8d427e-1ecd-49db-ac76-2d364d2c0ef4	Mackie MC-250	2687	8	2021-02-06 08:41:14.549503
317	01ac4650-30cd-45cf-8c37-5000d87a01b9	Marshall Amplification Monitor II	3293	8	2021-02-06 08:41:14.573131
318	ab8063ee-e0b6-40e6-a1dd-4b172a5469a2	Master & Dynamic MH40	8674	8	2021-02-06 08:41:14.598005
319	23143a91-f376-4113-a3ef-0883df7ea2e5	McIntosh MHP1000	9281	8	2021-02-06 08:41:14.621595
320	15e3c105-56a0-40fa-aa42-1a81726f52ed	MEE Audio Matrix Cinema	9438	8	2021-02-06 08:41:14.645533
321	9391eee3-98e6-4906-8031-e090eb054cea	Meizu EP-51	4821	8	2021-02-06 08:41:14.669483
322	e1f83cb9-43aa-4ee6-89f7-97c5f173a6f1	Metrophones Studio Kans	5427	8	2021-02-06 08:41:14.694561
323	e9193ab0-0b1e-42d2-a774-434c8996e8ab	Meze Audio Rai Penta	6034	8	2021-02-06 08:41:14.719436
324	73a1351a-3b1b-4b44-9f44-c0a1a3c79ffa	Micro Avionics ANR GA	6640	8	2021-02-06 08:41:14.744306
325	1993b674-62c4-49e8-b259-49c92d7e7648	Microsoft Xbox One Stereo	2022	8	2021-02-06 08:41:14.768131
326	3573c313-9736-4cff-af88-4e5d871d235b	Miktek DH80	7404	8	2021-02-06 08:41:14.792217
327	f31b4c03-ddad-43af-a1e5-da47493d5faf	Mixars MXH-22	8010	8	2021-02-06 08:41:14.818498
328	2571bfa0-acaf-421a-aa54-6bfe27ef5518	Monoprice M1570	3841	8	2021-02-06 08:41:14.843613
329	d4bedb9f-833a-43a8-ac58-045d7300f702	Monster Beats By Dre (formerly)	4447	8	2021-02-06 08:41:14.86891
330	3e8e9174-9935-42ec-84d5-783b930479e4	Mpow Flame Pro	278	8	2021-02-06 08:41:14.894132
331	4ed789c8-186f-474f-8030-db2cc400eced	MSA Supreme Pro	885	8	2021-02-06 08:41:14.920232
332	f927e72b-d728-42bd-b170-0281e8223500	Muxitek Muxitek Earbuds	6715	8	2021-02-06 08:41:14.945412
333	93023852-fb31-4875-97f0-cb8cb26515b0	Muzik LUX	7321	8	2021-02-06 08:41:14.970528
334	ceae2639-451a-476f-8e18-b54d454bda95	Mymanu CLIK	7927	8	2021-02-06 08:41:14.99584
335	11edd641-ee2b-4c85-a438-1cef798e7a7e	Nady QH-200	9505	8	2021-02-06 08:41:15.021429
336	fc7b28b5-3eee-4eba-b8b3-a20850b1bd54	Nakamichi Edge	112	8	2021-02-06 08:41:15.047994
337	25da0854-eea4-4dfd-b554-8ec0806cd540	Neumann NHD-20	5942	8	2021-02-06 08:41:15.073758
338	6b4b2a87-c82d-4ec9-814e-b8bcee06f989	Nicepower AN-1000	1773	8	2021-02-06 08:41:15.099175
339	4064c03b-2840-4165-9c5b-2d821edf1ccf	Noble Falcon	7603	8	2021-02-06 08:41:15.124977
340	4f29189b-e6ce-4f3e-9901-6790775316be	Nuheara IBbuds2 MAX	3434	8	2021-02-06 08:41:15.150815
341	8b0331ec-a093-443d-8e2f-ebdbbda66928	Numark HF125	4040	8	2021-02-06 08:41:15.176211
342	596bf89b-b759-41b9-9c35-71ac5a9625f5	Nura Nuraphone	9870	8	2021-02-06 08:41:15.202089
343	73d3209c-1319-491d-9bdd-6b3e39d0fd3a	On-Stage BH4500	5701	8	2021-02-06 08:41:15.228274
344	8d0bca72-2c01-422b-b05f-6e3b9b78bb5a	OneOdio Pro-10	1532	8	2021-02-06 08:41:15.254229
345	6a2ec477-2e4a-4ca2-a2bc-9efe4c4578fa	Onkyo ES-FC300	7362	8	2021-02-06 08:41:15.279745
346	aa3e2545-2ac0-4fa8-99b6-d66813480613	OPPO PM-3	3193	8	2021-02-06 08:41:15.305886
347	74cdabce-27ee-4029-b56f-a06e03106794	Oxytronic iCan Wireless	9023	8	2021-02-06 08:41:15.332481
348	1e8a46b6-cb53-4878-b12a-e3e31fdc519c	Panasonic RP-HD10C	4854	8	2021-02-06 08:41:15.358199
349	9d3d5fc0-3700-4bb4-809f-8e79ef7f076b	Paraclete Aviation Life Support Aspida Carbon	685	8	2021-02-06 08:41:15.384338
350	50be23e9-295e-41b6-8cb3-39eeebdd0167	Parrot Jik 3	6515	8	2021-02-06 08:41:15.410938
351	238c4ddf-5a77-4774-8ccb-4e954646a4d1	PDP LVL50	7570	8	2021-02-06 08:41:15.437276
352	f2006eb1-72bb-40f4-b916-a9246fa3488b	Pendulumic STANCE S1	8624	8	2021-02-06 08:41:15.463587
353	19b0e8b3-4b0f-49f5-a1a1-68bbda9f0538	"Periodic Audio ""Be"" Beryllium"	9679	8	2021-02-06 08:41:15.490682
354	39842bda-cefd-48f8-96db-dd69ad181ef2	Phiaton MS530	5510	8	2021-02-06 08:41:15.518286
355	e87b382f-3906-4af2-bfe6-9e481f91e5ca	Philips Fidelio X2HR/00	1790	8	2021-02-06 08:41:15.545577
356	64068850-2bad-41ed-874e-3eecf08e3662	Photive BTX6	3451	8	2021-02-06 08:41:15.600994
357	39e55277-3480-40a0-8882-32ed44e9ca24	Pilot Communications PA-1779T	5851	8	2021-02-06 08:41:15.631041
358	cc9e6a1a-9c9c-4550-9fc9-ea9f0052b063	Pioneer SE-MASTER1	2130	8	2021-02-06 08:41:15.658206
359	3ba06440-7c23-4724-baf9-77a6a7ba2bee	Plantronics Voyager Legend	3185	8	2021-02-06 08:41:15.685177
360	72938d01-c3bb-4943-b236-e3bb221922c9	Polsen HPC-A30-MK2	9015	8	2021-02-06 08:41:15.711836
361	1f1e7e11-13eb-4abf-a717-c796afdbfbc2	PreSonus Eris HD10BT	5294	8	2021-02-06 08:41:15.740206
362	ab7218b4-ac90-496b-89f6-5a8d777ec49d	Pryma Pryma 01	1574	8	2021-02-06 08:41:15.767461
363	e3200f32-6cdc-4f45-ab9f-8d0f35eff173	PSB M4U 2	2629	8	2021-02-06 08:41:15.795335
364	275dc2c7-4e57-465e-bd5d-774031e73849	Pyle Pro PHPDJ1	4132	8	2021-02-06 08:41:15.823503
365	ad090aa3-ad1c-4535-8a15-0f2cf4c661a7	Rane Commercial RH-50	5187	8	2021-02-06 08:41:15.850754
366	138dc50e-1518-406f-8061-2cae62bf725c	Rapoo H6020	6241	8	2021-02-06 08:41:15.878353
367	c111be47-5095-4378-89a4-c62ec968a6e5	RayTalk PH-100A	2521	8	2021-02-06 08:41:15.905188
368	b3789fd5-2a3b-4d7f-bba2-911bc9ea5414	Razer Nari Ultimate	3575	8	2021-02-06 08:41:15.932949
369	c1c72b67-9ec4-4735-87a2-4ddce1183e5b	RCF Audio Iconica	9854	8	2021-02-06 08:41:15.960973
370	733a0dc4-2693-48e4-abb3-c1d42081eaec	Reloop SHP-8	1358	8	2021-02-06 08:41:15.990493
371	24c55383-fb4a-46e3-84da-ab3b9a2744a7	Remote Audio HN-7506	8608	8	2021-02-06 08:41:16.021339
372	4a79ea33-2abb-4413-a0db-c761bdd188f0	Resident Audio R100	560	8	2021-02-06 08:41:16.050898
373	cf6d7a26-cfb6-4579-bc36-66de751e8c7b	RHA Technologies TrueConnect	7287	8	2021-02-06 08:41:16.081119
374	a4621cf0-4ccb-48b5-b21c-007810bad414	Roanwell He-157-006	8790	8	2021-02-06 08:41:16.109522
375	f89992f3-ae29-45a4-bb32-9bc248d27cdb	Roccat Kave XTD	295	8	2021-02-06 08:41:16.138628
376	2760e5a7-9603-455e-bf59-f88e2ca27820	RockPapa WKD80	1798	8	2021-02-06 08:41:16.167965
377	773ba40b-d772-4205-9893-298c8e473016	Roland RH-300	8525	8	2021-02-06 08:41:16.198458
378	6d7c6715-cbcb-4b1e-8882-ece88e2041c7	Sades R3	5701	8	2021-02-06 08:41:16.230716
379	f70fb42e-93ec-433c-9a61-4aa1e2d21b46	Samson Z55	7653	8	2021-02-06 08:41:16.262345
380	fc237b29-be26-428c-9161-ab6a34531a27	Samsung Galaxy Buds+	9604	8	2021-02-06 08:41:16.292423
381	5b8dc44b-2163-4c23-b3cf-106c94305fc4	Senal SMH-1000	1557	8	2021-02-06 08:41:16.322991
382	ae5798e4-dcce-4d6a-813f-746115fe0c4b	Senicc A2I	3509	8	2021-02-06 08:41:16.354571
383	b51fc0b6-3e65-43bf-9a43-487dffb2585a	Sennheiser HD 820	237	8	2021-02-06 08:41:16.384632
384	93dea0e9-d5fc-4320-ae8f-6acba3287891	Sentey Warp Pro LS-4421	6963	8	2021-02-06 08:41:16.414343
385	6c223564-3c4c-4752-a90e-ad3874bc97eb	Shenzhen Grandsun 233621	3691	8	2021-02-06 08:41:16.443948
386	fdc53a88-fd1e-432a-8879-a437f0287c70	Shure SRH1840	419	8	2021-02-06 08:41:16.473539
387	6d9d94c9-b680-4f78-a1ed-0a87423d8857	Sigtronics Corporation S-20 PNR	1923	8	2021-02-06 08:41:16.503395
388	7da2b7eb-ef2f-4ca4-bf88-6a10ca94fcab	Skullcandy Crusher	9098	8	2021-02-06 08:41:16.535907
389	cc71cbe0-db24-4130-b7c7-227b6aebf9e6	SMS Audio On-Ear Wireless Sport	1499	8	2021-02-06 08:41:16.571305
390	727cac01-f02b-4883-a2d8-abed5017e60a	Sol Republic Soundtrack Pro	9123	8	2021-02-06 08:41:16.604137
391	19e37099-992d-41ce-9b33-5a7fdf999374	Sonetics APX375	6299	8	2021-02-06 08:41:16.635362
392	57a963f1-cb6f-48be-90ee-223ef0e99f3d	Sony WH-1000XM3	8251	8	2021-02-06 08:41:16.6651
393	7307a083-877b-4613-981a-8fdda7ee5755	SoundMagic E80C	4979	8	2021-02-06 08:41:16.695874
394	7b9638c0-2e98-42d1-b810-fcd98063ad0c	SoundPeats Q30	6930	8	2021-02-06 08:41:16.72766
395	226e87f8-a3c6-42df-b972-9321176c22da	SoundWhiz Turbo	4107	8	2021-02-06 08:41:16.760835
396	e72ee904-0592-479c-a3b6-ca2a0c470eb8	Stanton DJ PRO 3000	1732	8	2021-02-06 08:41:16.793576
397	d177e2b0-b789-40aa-b076-8e4f040caf91	Stax Earspeakers SR-009S	4580	8	2021-02-06 08:41:16.82905
398	03d736d3-d337-4b32-8e00-83929f27cae6	SteelSeries Arctis Pro	2205	8	2021-02-06 08:41:16.862232
399	11961483-03da-46d9-b316-fc70b7bbe2b8	Sterling Audio S400	9381	8	2021-02-06 08:41:16.894164
400	36623f58-6b35-4723-b3aa-e51d89da0759	Superlux HD681	3127	8	2021-02-06 08:41:16.932291
401	1ad464b9-7128-49f3-9d16-5e2693806fa5	Symphonized NRG 3.0	9854	8	2021-02-06 08:41:16.961532
402	cd2dea3e-521a-4850-9a10-38d336a706b6	Tannoy Life Buds	6582	8	2021-02-06 08:41:16.991928
403	95347905-0a12-48c9-a975-2855290619f1	Taotronics SoundSurge 60	4281	8	2021-02-06 08:41:17.02252
404	cac18406-3614-4587-970d-616607b97e10	TASCAM TH-02	1009	8	2021-02-06 08:41:17.053766
405	80654492-c1e0-4c4e-88dd-4114d27474bb	Technics EAH-F70N	8184	8	2021-02-06 08:41:17.085949
406	be71233b-8ff4-45ea-bcb9-72c463f2bb95	Telefunken Elektroakustik THP-29	4912	8	2021-02-06 08:41:17.115566
407	1a2afa68-c3f0-4823-9b0d-2e955a24885f	Telephonics TC-149G	6864	8	2021-02-06 08:41:17.146102
408	2e316165-cb46-4391-a4aa-17899c1c96bb	Telex PH-88R	3592	8	2021-02-06 08:41:17.177113
409	78538ce7-71cf-4530-b5fa-382d11adbba3	Thermaltake HT-SHK002ECBL	768	8	2021-02-06 08:41:17.208306
410	08bf26e4-6ae7-489f-9510-03e99f3968cf	Thinksound on2	2720	8	2021-02-06 08:41:17.238799
411	86c10330-6f9d-4fbc-83a5-d1b0f51e72a9	Thrustmaster T.Flight	4671	8	2021-02-06 08:41:17.270761
412	3705538f-ae81-411e-b08a-2a69eaf375f0	Tozo T10 TWS	1848	8	2021-02-06 08:41:17.302597
413	c2164008-3ed9-489c-abc7-5e763c5aca8d	Tunes 360	4248	8	2021-02-06 08:41:17.336447
414	596513ef-dea1-41d1-98f3-38eceba4182c	Turtle Beach Systems Elite Atlas Aero	6648	8	2021-02-06 08:41:17.368944
415	d1a7f9ce-d8df-4969-be39-97617fa37408	"Tweedz Braided ""Bluetooth Earbuds"""	3824	8	2021-02-06 08:41:17.401893
416	3826d7ca-29c1-4d88-b11c-71aae4eb18d9	Ultimate Ears UE 18+ Pro	1449	8	2021-02-06 08:41:17.4356
417	eab57020-3640-4eef-80a0-2e1223a0bc77	Ultrasone Edition 15	3849	8	2021-02-06 08:41:17.469484
418	064d6cf2-f912-4895-af91-4f73cc3d0bd2	Under Armour Sport Wireless Train	1474	8	2021-02-06 08:41:17.502844
419	a6a465a2-48f7-4a1c-9528-fddcc3b3379c	Urbanears Pampas	4323	8	2021-02-06 08:41:17.536675
420	a5798d9b-e04e-4ec6-a1ef-f3cbc6a79558	V-MODA Crossfade M-100	1499	8	2021-02-06 08:41:17.567971
421	017539ff-ce6f-4df7-bc2c-0b5ce4af7ede	"Vogek ""Over Ear DJ"""	3451	8	2021-02-06 08:41:17.599795
422	eff55405-c8ac-470f-b9fd-bcf4769d857d	Vic Firth SIH2	627	8	2021-02-06 08:41:17.63095
423	e2d87f9c-6f07-4589-b161-47806deaf939	Velodyne vFree	2579	8	2021-02-06 08:41:17.662244
424	c5b6d578-5010-419f-b5ba-7b5248adc81e	VOUZRED A12	9754	8	2021-02-06 08:41:17.693972
425	414ff485-bede-4d63-83f6-75b1c229823d	Vox VH-Q1	1707	8	2021-02-06 08:41:17.726116
426	947dca77-e2a8-4a4c-be4f-dc44dc579786	WeSC Banjar	8882	8	2021-02-06 08:41:17.757564
427	0c26d143-d858-4e6d-89f2-e81fecbebd78	Westone ES80	6059	8	2021-02-06 08:41:17.789222
428	4d211b84-2ae0-4ae8-a1d9-ed9df4430612	Yamaha MPH-MT8	3235	8	2021-02-06 08:41:17.822403
429	29244c75-87f6-4cfb-b349-06f56e518126	Xiaomi Mi	6980	8	2021-02-06 08:41:17.861451
430	906335e5-566b-4619-9e4c-b47fff12af0a	XO Vision IR620	4157	8	2021-02-06 08:41:17.893611
431	56ad3231-d486-4006-a509-ac6555e91773	Zipbuds CHOICE	7005	8	2021-02-06 08:41:17.929456
432	60f1853a-a29a-4bdd-acbd-0e99130bced3	1More EHD9001TA	9405	8	2021-02-06 08:41:17.962319
433	4d892be4-cec7-44c7-8ff8-4b12e20ca612	64 Audio A18S	1807	8	2021-02-06 08:41:17.994529
434	291f9735-0f11-4508-a974-44f39496873e	66 Audio BTS Pro	9953	8	2021-02-06 08:41:18.027947
435	e040726f-a3f8-44b9-9610-065e8dc8d3bd	808 Audio HPA180	7578	8	2021-02-06 08:41:18.062214
\.


--
-- TOC entry 2954 (class 0 OID 24841)
-- Dependencies: 200
-- Data for Name: __EFMigrationsHistory; Type: TABLE DATA; Schema: public; Owner: admin
--

COPY public."__EFMigrationsHistory" ("MigrationId", "ProductVersion") FROM stdin;
20210205163554_Init	5.0.2
20210206082214_AddedUpdateTime	5.0.2
\.


--
-- TOC entry 2964 (class 0 OID 0)
-- Dependencies: 201
-- Name: Categories_Id_seq; Type: SEQUENCE SET; Schema: public; Owner: admin
--

SELECT pg_catalog.setval('public."Categories_Id_seq"', 8, true);


--
-- TOC entry 2965 (class 0 OID 0)
-- Dependencies: 203
-- Name: Items_Id_seq; Type: SEQUENCE SET; Schema: public; Owner: admin
--

SELECT pg_catalog.setval('public."Items_Id_seq"', 435, true);


--
-- TOC entry 2819 (class 2606 OID 24855)
-- Name: Categories PK_Categories; Type: CONSTRAINT; Schema: public; Owner: admin
--

ALTER TABLE ONLY public."Categories"
    ADD CONSTRAINT "PK_Categories" PRIMARY KEY ("Id");


--
-- TOC entry 2822 (class 2606 OID 24865)
-- Name: Items PK_Items; Type: CONSTRAINT; Schema: public; Owner: admin
--

ALTER TABLE ONLY public."Items"
    ADD CONSTRAINT "PK_Items" PRIMARY KEY ("Id");


--
-- TOC entry 2817 (class 2606 OID 24845)
-- Name: __EFMigrationsHistory PK___EFMigrationsHistory; Type: CONSTRAINT; Schema: public; Owner: admin
--

ALTER TABLE ONLY public."__EFMigrationsHistory"
    ADD CONSTRAINT "PK___EFMigrationsHistory" PRIMARY KEY ("MigrationId");


--
-- TOC entry 2820 (class 1259 OID 24871)
-- Name: IX_Items_CategoryId; Type: INDEX; Schema: public; Owner: admin
--

CREATE INDEX "IX_Items_CategoryId" ON public."Items" USING btree ("CategoryId");


--
-- TOC entry 2823 (class 2606 OID 24866)
-- Name: Items FK_Items_Categories_CategoryId; Type: FK CONSTRAINT; Schema: public; Owner: admin
--

ALTER TABLE ONLY public."Items"
    ADD CONSTRAINT "FK_Items_Categories_CategoryId" FOREIGN KEY ("CategoryId") REFERENCES public."Categories"("Id") ON DELETE RESTRICT;


-- Completed on 2021-02-06 09:12:28 UTC


-- Completed on 2021-02-06 08:53:21 UTC

DROP DATABASE IF EXISTS "kdemo-orders";
--
-- TOC entry 2950 (class 1262 OID 24874)
-- Name: kdemo-orders; Type: DATABASE; Schema: -; Owner: admin
--

CREATE DATABASE "kdemo-orders" WITH TEMPLATE = template0 ENCODING = 'UTF8' LOCALE = 'en_US.utf8';


ALTER DATABASE "kdemo-orders" OWNER TO admin;

\connect -reuse-previous=on "dbname='kdemo-orders'"

SET statement_timeout = 0;
SET lock_timeout = 0;
SET idle_in_transaction_session_timeout = 0;
SET client_encoding = 'UTF8';
SET standard_conforming_strings = on;
SELECT pg_catalog.set_config('search_path', '', false);
SET check_function_bodies = false;
SET xmloption = content;
SET client_min_messages = warning;
SET row_security = off;

--
-- TOC entry 202 (class 1259 OID 24882)
-- Name: Orders; Type: TABLE; Schema: public; Owner: admin
--

CREATE TABLE public."Orders" (
    "Id" bigint NOT NULL,
    "Guid" uuid NOT NULL,
    "CustomerGuid" uuid NOT NULL,
    "ItemGuids" uuid[],
    "UpdatedTime" timestamp without time zone NOT NULL
);


ALTER TABLE public."Orders" OWNER TO admin;

--
-- TOC entry 201 (class 1259 OID 24880)
-- Name: Orders_Id_seq; Type: SEQUENCE; Schema: public; Owner: admin
--

ALTER TABLE public."Orders" ALTER COLUMN "Id" ADD GENERATED BY DEFAULT AS IDENTITY (
    SEQUENCE NAME public."Orders_Id_seq"
    START WITH 1
    INCREMENT BY 1
    NO MINVALUE
    NO MAXVALUE
    CACHE 1
);


--
-- TOC entry 200 (class 1259 OID 24875)
-- Name: __EFMigrationsHistory; Type: TABLE; Schema: public; Owner: admin
--

CREATE TABLE public."__EFMigrationsHistory" (
    "MigrationId" character varying(150) NOT NULL,
    "ProductVersion" character varying(32) NOT NULL
);


ALTER TABLE public."__EFMigrationsHistory" OWNER TO admin;

--
-- TOC entry 2944 (class 0 OID 24882)
-- Dependencies: 202
-- Data for Name: Orders; Type: TABLE DATA; Schema: public; Owner: admin
--

COPY public."Orders" ("Id", "Guid", "CustomerGuid", "ItemGuids", "UpdatedTime") FROM stdin;
\.


--
-- TOC entry 2942 (class 0 OID 24875)
-- Dependencies: 200
-- Data for Name: __EFMigrationsHistory; Type: TABLE DATA; Schema: public; Owner: admin
--

COPY public."__EFMigrationsHistory" ("MigrationId", "ProductVersion") FROM stdin;
20210206090125_Init	5.0.2
\.


--
-- TOC entry 2950 (class 0 OID 0)
-- Dependencies: 201
-- Name: Orders_Id_seq; Type: SEQUENCE SET; Schema: public; Owner: admin
--

SELECT pg_catalog.setval('public."Orders_Id_seq"', 1, false);


--
-- TOC entry 2811 (class 2606 OID 24889)
-- Name: Orders PK_Orders; Type: CONSTRAINT; Schema: public; Owner: admin
--

ALTER TABLE ONLY public."Orders"
    ADD CONSTRAINT "PK_Orders" PRIMARY KEY ("Id");


--
-- TOC entry 2809 (class 2606 OID 24879)
-- Name: __EFMigrationsHistory PK___EFMigrationsHistory; Type: CONSTRAINT; Schema: public; Owner: admin
--

ALTER TABLE ONLY public."__EFMigrationsHistory"
    ADD CONSTRAINT "PK___EFMigrationsHistory" PRIMARY KEY ("MigrationId");


-- Completed on 2021-02-06 09:15:02 UTC

--
-- PostgreSQL database dump complete
--
